id,image_url
4952995,https://photos.zillowstatic.com/fp/fccfdd96c7f640eae22b0bcf89bd91a1-se_extra_large_1500_800.webp
4953951,https://photos.zillowstatic.com/fp/ce03ec77e958a9d509f83388adcb920e-se_extra_large_1500_800.webp
4963345,https://photos.zillowstatic.com/fp/4a5cf91bd5914b39d778d8f8dec83d4b-se_extra_large_1500_800.webp
4964648,https://photos.zillowstatic.com/fp/e9f3d4d210618201f9a7ad66d9054bc5-se_extra_large_1500_800.webp
4964817,https://photos.zillowstatic.com/fp/1d42c81fd5b3daedc7069dfa68164664-se_extra_large_1500_800.webp
4967489,https://photos.zillowstatic.com/fp/a0772adb50ccfebf0a15c55f68c4cd15-se_extra_large_1500_800.webp
4967595,https://photos.zillowstatic.com/fp/39b988463fb3071d27b6f0c354936017-se_extra_large_1500_800.webp
4967996,https://photos.zillowstatic.com/fp/46606a16bcb76683fbdbdd54d973d03c-se_extra_large_1500_800.webp
4968019,https://photos.zillowstatic.com/fp/7a3316dffec36ea996f0e74c4cccc222-se_extra_large_1500_800.webp
4968201,https://photos.zillowstatic.com/fp/f7b8493ad0040e986dbc71470ca0e937-se_extra_large_1500_800.webp
4970610,https://photos.zillowstatic.com/fp/0251f64165d4049df9ee680bf97ed38b-se_extra_large_1500_800.webp
4973682,https://photos.zillowstatic.com/fp/49dbb6ce6e73a5b286e4c8619282d315-se_extra_large_1500_800.webp
4976640,https://photos.zillowstatic.com/fp/cde2030f73b750fd8636b6dec16ff915-se_extra_large_1500_800.webp
4981046,https://photos.zillowstatic.com/fp/831ed11cfa7cd77dd26a01f5e3f0ddf5-se_extra_large_1500_800.webp
4981258,https://photos.zillowstatic.com/fp/49da38a7b4e1da9e75b5f27374ada467-se_extra_large_1500_800.webp
4984264,https://photos.zillowstatic.com/fp/94aac67d51f6769802de5cc4e45760f7-se_extra_large_1500_800.webp
4984775,https://photos.zillowstatic.com/fp/83d0a4ee74fa97ba73e510036867827b-se_extra_large_1500_800.webp
4984806,https://photos.zillowstatic.com/fp/6b5c41671188133d62c22d326e01c9bb-se_extra_large_1500_800.webp
4985595,https://photos.zillowstatic.com/fp/9b0707d9fea65a2a8f3dee2c62a9891b-se_extra_large_1500_800.webp
4986254,https://photos.zillowstatic.com/fp/4ed6994ac02ac642499c6dd9d1230802-se_extra_large_1500_800.webp
4986260,https://photos.zillowstatic.com/fp/d8b3c61709b266ea21d641d421414ae0-se_extra_large_1500_800.webp
4986273,https://photos.zillowstatic.com/fp/b6d98f72591b656bd48ee44634b1d9d3-se_extra_large_1500_800.webp
4986284,https://photos.zillowstatic.com/fp/1962b90bf72ba7b1bfc17235894577c4-se_extra_large_1500_800.webp
4986328,https://photos.zillowstatic.com/fp/67fa50d94e2343bbe6b1dc261c8e8275-se_extra_large_1500_800.webp
4987370,https://photos.zillowstatic.com/fp/296f7fee2416660ec945b1f6d3217f4a-se_extra_large_1500_800.webp
4987911,https://photos.zillowstatic.com/fp/26c4f65b1c001428beb98bc052f90bfb-se_extra_large_1500_800.webp
4988150,https://photos.zillowstatic.com/fp/f2c98c8b436bfc270a7d0e2b3085c1df-se_extra_large_1500_800.webp
4988235,https://photos.zillowstatic.com/fp/5baf67da361bc3bc7cf93f877c714f63-se_extra_large_1500_800.webp
4990115,https://photos.zillowstatic.com/fp/1510b9fbe138320a66715d0be152ae69-se_extra_large_1500_800.webp
4991062,https://photos.zillowstatic.com/fp/63ee6b7c54238f61f398693ad7b30fd8-se_extra_large_1500_800.webp
4991422,https://photos.zillowstatic.com/fp/6091259b2c226a1e09b0fc547d074e7c-se_extra_large_1500_800.webp
4992129,https://photos.zillowstatic.com/fp/49b929714b55d8decd4cab0ca73b60ab-se_extra_large_1500_800.webp
4992252,https://photos.zillowstatic.com/fp/37eff71497143167a602ee46f805bd28-se_extra_large_1500_800.webp
4992395,https://photos.zillowstatic.com/fp/4f779940bf9b957fda36c36719f311bc-se_extra_large_1500_800.webp
4992789,https://photos.zillowstatic.com/fp/82f8226e23f8dd5adc4acd3e82b79d6e-se_extra_large_1500_800.webp
4992882,https://photos.zillowstatic.com/fp/1e027259a8ee8ff4e5ea88f12143229a-se_extra_large_1500_800.webp
4993802,https://photos.zillowstatic.com/fp/d3c05754b98120019711f89bdeea72bf-se_extra_large_1500_800.webp
4994031,https://photos.zillowstatic.com/fp/96a836134cd0e3a140e65c4a36187147-se_extra_large_1500_800.webp
4994104,https://photos.zillowstatic.com/fp/eb71e496cf432dea604d681e9f9a3694-se_extra_large_1500_800.webp
4994624,https://photos.zillowstatic.com/fp/4d05e9045c4f11db0a0e419cbcdcb345-se_extra_large_1500_800.webp
4994883,https://photos.zillowstatic.com/fp/7c06d794d246270e7c55e2bff2db9ad8-se_extra_large_1500_800.webp
4994888,https://photos.zillowstatic.com/fp/c7dff8de44d95dd5ef8ad02845b56ae7-se_extra_large_1500_800.webp
4995317,https://photos.zillowstatic.com/fp/f912e4ea330788a9dcf2099f36283aa1-se_extra_large_1500_800.webp
4960623,https://photos.zillowstatic.com/fp/a003011abc64ca1595644edd9fa02009-se_extra_large_1500_800.webp
